{
  "cli": {
    "version": ">= 16.17.0",
    "appVersionSource": "remote"
  },
  "build": {
    "development": {
      "developmentClient": true,
      "distribution": "internal",
      "env": {
        "NODE_ENV": "development"
      }
    },
    "preview": {
      "distribution": "internal",
      "android": {
        "buildType": "apk",
        "gradleCommand": ":app:assembleRelease"
      },
      "env": {
        "NODE_ENV": "production",
        "EXPO_PUBLIC_SUPABASE_URL": "https://kpzpsljkpvalemxgzsis.supabase.co",
        "EXPO_PUBLIC_SUPABASE_ANON_KEY": "eyJhbGciOiJIUzI1NiIsInR5cCI6IkpXVCJ9.eyJpc3MiOiJzdXBhYmFzZSIsInJlZiI6ImtwenBzbGprcHZhbGVteGd6c2lzIiwicm9sZSI6ImFub24iLCJpYXQiOjE3MzQ5NzE5NzQsImV4cCI6MjA1MDU0Nzk3NH0.Ej8Ej8Ej8Ej8Ej8Ej8Ej8Ej8Ej8Ej8Ej8Ej8Ej8"
      }
    },
    "production": {
      "autoIncrement": true,
      "android": {
        "buildType": "app-bundle",
        "credentialsSource": "local",
        "gradleCommand": ":app:bundleRelease"
      },
      "env": {
        "NODE_ENV": "production",
        "EXPO_PUBLIC_SUPABASE_URL": "https://kpzpsljkpvalemxgzsis.supabase.co",
        "EXPO_PUBLIC_SUPABASE_ANON_KEY": "eyJhbGciOiJIUzI1NiIsInR5cCI6IkpXVCJ9.eyJpc3MiOiJzdXBhYmFzZSIsInJlZiI6ImtwenBzbGprcHZhbGVteGd6c2lzIiwicm9sZSI6ImFub24iLCJpYXQiOjE3MzQ5NzE5NzQsImV4cCI6MjA1MDU0Nzk3NH0.Ej8Ej8Ej8Ej8Ej8Ej8Ej8Ej8Ej8Ej8Ej8Ej8Ej8"
      }
    }
  },
  "submit": {
    "production": {}
  }
}
